[
    {
        "id": 1,
        "name":" Arduino ",
        "price": 525,
        "image": "image/Arduinoo.jpg"
    },
    {
        "id": 2,
        "name":" Raspberry Pi",
        "price": 7349,
        "image": "image/RaspberryPi.jpg"
    },
    {
        "id": 3,
        "name":" NodeMcu",
        "price": 253,
        "image": "image/Node MCU.jpg"
    },
    {
        "id": 4,
        "name":" Ultrasonic Sensors",
        "price": 201,
        "image": "image/Sensors.jpg"
    },
    {
        "id": 5,
        "name":" Touch Sensor",
        "price": 218,
        "image": "image/Sensors2.jpg"
    },
    {
        "id": 6,
        "name":" LED's",
        "price": 223,
        "image": "image/LED.jpg"
    },
    {
        "id": 7,
        "name":" IC's",
        "price": 249,
        "image": "image/ic.jpg"
    },
    {
        "id": 8,
        "name":" Voltage Regulator",
        "price": 44,
        "image": "image/VR.jpg"
    }

]